variant,frequency,cost,alignment,model_moves,log_moves
"('A_Create Application', 'A_Submitted', 'W_Handle leads', 'A_Concept', 'W_Handle leads', 'W_Complete application', 'W_Complete application', 'W_Complete application', 'A_Accepted', 'O_Create Offer', 'O_Created', 'A_Complete', 'O_Sent (mail and online)', 'W_Complete application', 'W_Call after offers', 'W_Call after offers', 'W_Call after offers', 'W_Call after offers', 'W_Call after offers', 'A_Cancelled', 'O_Cancelled', 'W_Call after offers')",682,1,"[[""A_Create Application"", ""A_Create Application""], [""A_Submitted"", ""A_Submitted""], ["">>"", null], ["">>"", null], ["">>"", null], [""W_Handle leads"", ""W_Handle leads""], ["">>"", null], [""A_Concept"", ""A_Concept""], [""W_Handle leads"", ""W_Handle leads""], ["">>"", null], ["">>"", null], ["">>"", null], [""W_Complete application"", ""W_Complete application""], ["">>"", null], ["">>"", null], [""W_Complete application"", ""W_Complete application""], ["">>"", null], ["">>"", null], [""W_Complete application"", ""W_Complete application""], ["">>"", null], ["">>"", null], ["">>"", null], ["">>"", null], ["">>"", null], ["">>"", null], ["">>"", null], ["">>"", null], [""A_Accepted"", ""A_Accepted""], [""O_Create Offer"", ""O_Create Offer""], [""O_Created"", ""O_Created""], ["">>"", null], ["">>"", null], ["">>"", null], [""A_Complete"", "">>""], [""O_Sent (mail and online)"", ""O_Sent (mail and online)""], ["">>"", null], ["">>"", null], ["">>"", null], ["">>"", null], ["">>"", null], [""W_Complete application"", ""W_Complete application""], ["">>"", null], ["">>"", null], ["">>"", null], ["">>"", null], ["">>"", null], [""W_Call after offers"", ""W_Call after offers""], ["">>"", null], [""W_Call after offers"", ""W_Call after offers""], ["">>"", null], [""W_Call after offers"", ""W_Call after offers""], ["">>"", null], [""W_Call after offers"", ""W_Call after offers""], ["">>"", null], [""W_Call after offers"", ""W_Call after offers""], ["">>"", null], [""A_Cancelled"", ""A_Cancelled""], ["">>"", null], ["">>"", null], ["">>"", null], [""O_Cancelled"", ""O_Cancelled""], ["">>"", null], ["">>"", null], ["">>"", null], [""W_Call after offers"", ""W_Call after offers""], ["">>"", null], ["">>"", null], ["">>"", null], ["">>"", null]]",[],"[""A_Complete""]"
"('A_Create Application', 'A_Submitted', 'W_Handle leads', 'A_Concept', 'W_Handle leads', 'W_Complete application', 'W_Complete application', 'A_Accepted', 'O_Create Offer', 'O_Created', 'A_Complete', 'O_Sent (mail and online)', 'W_Complete application', 'W_Call after offers', 'W_Call after offers', 'W_Call after offers', 'W_Call after offers', 'W_Validate application', 'W_Validate application', 'A_Validating', 'O_Returned', 'W_Validate application', 'A_Pending', 'O_Accepted', 'W_Validate application')",21,3,"[[""A_Create Application"", ""A_Create Application""], [""A_Submitted"", ""A_Submitted""], ["">>"", null], ["">>"", null], [""W_Handle leads"", ""W_Handle leads""], ["">>"", null], [""A_Concept"", ""A_Concept""], [""W_Handle leads"", ""W_Handle leads""], ["">>"", null], ["">>"", null], ["">>"", null], [""W_Complete application"", ""W_Complete application""], ["">>"", null], ["">>"", null], [""W_Complete application"", ""W_Complete application""], ["">>"", null], ["">>"", null], ["">>"", null], ["">>"", null], ["">>"", null], ["">>"", null], ["">>"", null], [""A_Accepted"", ""A_Accepted""], ["">>"", null], [""O_Create Offer"", ""O_Create Offer""], [""O_Created"", ""O_Created""], ["">>"", null], ["">>"", null], ["">>"", null], [""A_Complete"", "">>""], [""O_Sent (mail and online)"", ""O_Sent (mail and online)""], ["">>"", null], ["">>"", null], ["">>"", null], ["">>"", null], ["">>"", null], [""W_Complete application"", ""W_Complete application""], ["">>"", null], ["">>"", null], ["">>"", null], [""W_Call after offers"", ""W_Call after offers""], ["">>"", null], [""W_Call after offers"", ""W_Call after offers""], ["">>"", null], [""W_Call after offers"", ""W_Call after offers""], ["">>"", null], ["">>"", null], [""W_Call after offers"", ""W_Call after offers""], ["">>"", null], ["">>"", null], [""W_Validate application"", ""W_Validate application""], ["">>"", null], ["">>"", null], [""W_Validate application"", ""W_Validate application""], ["">>"", null], [""A_Validating"", ""A_Validating""], ["">>"", null], ["">>"", null], ["">>"", null], ["">>"", null], ["">>"", null], ["">>"", null], [""O_Returned"", ""O_Returned""], ["">>"", null], ["">>"", null], ["">>"", null], ["">>"", null], ["">>"", null], ["">>"", null], [""W_Validate application"", ""W_Validate application""], ["">>"", null], ["">>"", null], [""A_Pending"", "">>""], [""O_Accepted"", "">>""], [""W_Validate application"", ""W_Validate application""], ["">>"", null], ["">>"", null], ["">>"", null], ["">>"", null], ["">>"", null], ["">>"", null], ["">>"", null], ["">>"", null], ["">>"", null]]",[],"[""A_Complete"", ""A_Pending"", ""O_Accepted""]"
"('A_Create Application', 'A_Concept', 'W_Complete application', 'W_Complete application', 'A_Accepted', 'O_Create Offer', 'O_Created', 'A_Complete', 'O_Sent (mail and online)', 'W_Complete application', 'W_Call after offers', 'W_Call after offers', 'W_Call after offers', 'W_Call after offers', 'W_Call after offers', 'A_Cancelled', 'O_Cancelled', 'W_Call after offers')",1088,1,"[[""A_Create Application"", ""A_Create Application""], ["">>"", null], ["">>"", null], ["">>"", null], ["">>"", null], ["">>"", null], ["">>"", null], [""A_Concept"", ""A_Concept""], [""W_Complete application"", ""W_Complete application""], ["">>"", null], ["">>"", null], [""W_Complete application"", ""W_Complete application""], ["">>"", null], ["">>"", null], ["">>"", null], ["">>"", null], ["">>"", null], ["">>"", null], ["">>"", null], [""A_Accepted"", ""A_Accepted""], [""O_Create Offer"", ""O_Create Offer""], [""O_Created"", ""O_Created""], ["">>"", null], ["">>"", null], ["">>"", null], [""A_Complete"", "">>""], ["">>"", null], [""O_Sent (mail and online)"", ""O_Sent (mail and online)""], ["">>"", null], ["">>"", null], ["">>"", null], ["">>"", null], ["">>"", null], [""W_Complete application"", ""W_Complete application""], ["">>"", null], ["">>"", null], ["">>"", null], ["">>"", null], ["">>"", null], [""W_Call after offers"", ""W_Call after offers""], ["">>"", null], [""W_Call after offers"", ""W_Call after offers""], ["">>"", null], [""W_Call after offers"", ""W_Call after offers""], ["">>"", null], [""W_Call after offers"", ""W_Call after offers""], ["">>"", null], [""W_Call after offers"", ""W_Call after offers""], ["">>"", null], [""A_Cancelled"", ""A_Cancelled""], ["">>"", null], ["">>"", null], ["">>"", null], [""O_Cancelled"", ""O_Cancelled""], ["">>"", null], ["">>"", null], ["">>"", null], [""W_Call after offers"", ""W_Call after offers""], ["">>"", null], ["">>"", null], ["">>"", null], ["">>"", null]]",[],"[""A_Complete""]"
"('A_Create Application', 'A_Submitted', 'W_Handle leads', 'A_Concept', 'W_Handle leads', 'W_Complete application', 'W_Complete application', 'W_Complete application', 'W_Complete application', 'A_Accepted', 'O_Create Offer', 'O_Created', 'A_Complete', 'O_Sent (mail and online)', 'W_Complete application', 'W_Call after offers', 'W_Call after offers', 'W_Call after offers', 'W_Call after offers', 'W_Call after offers', 'W_Call after offers', 'W_Validate application', 'W_Validate application', 'A_Validating', 'O_Returned', 'A_Incomplete', 'W_Validate application', 'W_Call incomplete files', 'W_Call incomplete files', 'W_Call incomplete files', 'W_Call incomplete files', 'W_Call incomplete files', 'W_Call incomplete files', 'W_Validate application', 'W_Validate application', 'A_Validating', 'W_Validate application', 'A_Denied', 'O_Refused', 'W_Validate application')",1,1,"[[""A_Create Application"", ""A_Create Application""], [""A_Submitted"", ""A_Submitted""], ["">>"", null], ["">>"", null], [""W_Handle leads"", ""W_Handle leads""], ["">>"", null], [""A_Concept"", ""A_Concept""], [""W_Handle leads"", ""W_Handle leads""], ["">>"", null], ["">>"", null], ["">>"", null], [""W_Complete application"", ""W_Complete application""], ["">>"", null], ["">>"", null], [""W_Complete application"", ""W_Complete application""], ["">>"", null], ["">>"", null], [""W_Complete application"", ""W_Complete application""], ["">>"", null], ["">>"", null], [""W_Complete application"", ""W_Complete application""], ["">>"", null], [""A_Accepted"", ""A_Accepted""], ["">>"", null], ["">>"", null], ["">>"", null], ["">>"", null], ["">>"", null], ["">>"", null], ["">>"", null], [""O_Create Offer"", ""O_Create Offer""], [""O_Created"", ""O_Created""], ["">>"", null], ["">>"", null], ["">>"", null], [""A_Complete"", "">>""], [""O_Sent (mail and online)"", ""O_Sent (mail and online)""], ["">>"", null], ["">>"", null], ["">>"", null], ["">>"", null], ["">>"", null], [""W_Complete application"", ""W_Complete application""], ["">>"", null], ["">>"", null], ["">>"", null], [""W_Call after offers"", ""W_Call after offers""], ["">>"", null], [""W_Call after offers"", ""W_Call after offers""], ["">>"", null], ["">>"", null], [""W_Call after offers"", ""W_Call after offers""], ["">>"", null], [""W_Call after offers"", ""W_Call after offers""], ["">>"", null], [""W_Call after offers"", ""W_Call after offers""], ["">>"", null], [""W_Call after offers"", ""W_Call after offers""], ["">>"", null], ["">>"", null], [""W_Validate application"", ""W_Validate application""], ["">>"", null], ["">>"", null], [""W_Validate application"", ""W_Validate application""], [""A_Validating"", ""A_Validating""], ["">>"", null], ["">>"", null], ["">>"", null], ["">>"", null], ["">>"", null], ["">>"", null], ["">>"", null], [""O_Returned"", ""O_Returned""], ["">>"", null], ["">>"", null], ["">>"", null], ["">>"", null], ["">>"", null], ["">>"", null], ["">>"", null], ["">>"", null], ["">>"", null], [""A_Incomplete"", ""A_Incomplete""], ["">>"", null], ["">>"", null], ["">>"", null], ["">>"", null], ["">>"", null], ["">>"", null], [""W_Validate application"", ""W_Validate application""], ["">>"", null], ["">>"", null], ["">>"", null], ["">>"", null], ["">>"", null], [""W_Call incomplete files"", ""W_Call incomplete files""], ["">>"", null], [""W_Call incomplete files"", ""W_Call incomplete files""], ["">>"", null], [""W_Call incomplete files"", ""W_Call incomplete files""], ["">>"", null], [""W_Call incomplete files"", ""W_Call incomplete files""], ["">>"", null], [""W_Call incomplete files"", ""W_Call incomplete files""], ["">>"", null], [""W_Call incomplete files"", ""W_Call incomplete files""], ["">>"", null], ["">>"", null], ["">>"", null], ["">>"", null], ["">>"", null], ["">>"", null], [""W_Validate application"", ""W_Validate application""], ["">>"", null], ["">>"", null], [""W_Validate application"", ""W_Validate application""], [""A_Validating"", ""A_Validating""], ["">>"", null], [""W_Validate application"", ""W_Validate application""], ["">>"", null], ["">>"", null], ["">>"", null], ["">>"", null], ["">>"", null], ["">>"", null], [""A_Denied"", ""A_Denied""], ["">>"", null], [""O_Refused"", ""O_Refused""], ["">>"", null], ["">>"", null], ["">>"", null], ["">>"", null], ["">>"", null], [""W_Validate application"", ""W_Validate application""], ["">>"", null], ["">>"", null], ["">>"", null], ["">>"", null], ["">>"", null], ["">>"", null], ["">>"", null], ["">>"", null], ["">>"", null]]",[],"[""A_Complete""]"
"('A_Create Application', 'A_Submitted', 'W_Handle leads', 'A_Concept', 'W_Handle leads', 'W_Complete application', 'W_Complete application', 'A_Accepted', 'O_Create Offer', 'O_Created', 'A_Complete', 'O_Sent (mail and online)', 'W_Complete application', 'W_Call after offers', 'W_Call after offers', 'W_Call after offers', 'W_Call after offers', 'W_Call after offers', 'W_Call after offers', 'W_Validate application', 'W_Validate application', 'A_Validating', 'O_Returned', 'W_Validate application', 'W_Validate application', 'W_Validate application', 'W_Validate application', 'W_Validate application', 'A_Incomplete', 'W_Validate application', 'W_Call incomplete files', 'W_Call incomplete files', 'W_Call incomplete files', 'W_Call incomplete files', 'W_Call incomplete files', 'W_Validate application', 'W_Validate application', 'A_Validating', 'W_Validate application', 'A_Incomplete', 'W_Validate application', 'W_Call incomplete files', 'W_Call incomplete files', 'W_Call incomplete files', 'W_Validate application', 'W_Validate application', 'A_Validating', 'W_Validate application', 'A_Pending', 'O_Accepted', 'W_Validate application')",1,3,"[[""A_Create Application"", ""A_Create Application""], [""A_Submitted"", ""A_Submitted""], ["">>"", null], ["">>"", null], [""W_Handle leads"", ""W_Handle leads""], ["">>"", null], [""A_Concept"", ""A_Concept""], [""W_Handle leads"", ""W_Handle leads""], ["">>"", null], ["">>"", null], ["">>"", null], [""W_Complete application"", ""W_Complete application""], ["">>"", null], ["">>"", null], [""W_Complete application"", ""W_Complete application""], ["">>"", null], ["">>"", null], [""A_Accepted"", ""A_Accepted""], ["">>"", null], ["">>"", null], ["">>"", null], ["">>"", null], ["">>"", null], ["">>"", null], [""O_Create Offer"", ""O_Create Offer""], [""O_Created"", ""O_Created""], ["">>"", null], ["">>"", null], [""A_Complete"", "">>""], ["">>"", null], [""O_Sent (mail and online)"", ""O_Sent (mail and online)""], ["">>"", null], ["">>"", null], ["">>"", null], ["">>"", null], ["">>"", null], [""W_Complete application"", ""W_Complete application""], ["">>"", null], ["">>"", null], ["">>"", null], ["">>"", null], [""W_Call after offers"", ""W_Call after offers""], ["">>"", null], [""W_Call after offers"", ""W_Call after offers""], ["">>"", null], [""W_Call after offers"", ""W_Call after offers""], ["">>"", null], [""W_Call after offers"", ""W_Call after offers""], ["">>"", null], [""W_Call after offers"", ""W_Call after offers""], ["">>"", null], [""W_Call after offers"", ""W_Call after offers""], ["">>"", null], ["">>"", null], [""W_Validate application"", ""W_Validate application""], ["">>"", null], ["">>"", null], [""W_Validate application"", ""W_Validate application""], [""A_Validating"", ""A_Validating""], ["">>"", null], ["">>"", null], ["">>"", null], ["">>"", null], ["">>"", null], ["">>"", null], [""O_Returned"", ""O_Returned""], ["">>"", null], ["">>"", null], ["">>"", null], ["">>"", null], ["">>"", null], ["">>"", null], [""W_Validate application"", ""W_Validate application""], ["">>"", null], ["">>"", null], [""W_Validate application"", ""W_Validate application""], ["">>"", null], ["">>"", null], [""W_Validate application"", ""W_Validate application""], ["">>"", null], ["">>"", null], [""W_Validate application"", ""W_Validate application""], ["">>"", null], ["">>"", null], [""W_Validate application"", ""W_Validate application""], ["">>"", null], ["">>"", null], ["">>"", null], ["">>"", null], ["">>"", null], ["">>"", null], [""A_Incomplete"", ""A_Incomplete""], ["">>"", null], ["">>"", null], ["">>"", null], ["">>"", null], ["">>"", null], ["">>"", null], [""W_Validate application"", ""W_Validate application""], ["">>"", null], ["">>"", null], ["">>"", null], ["">>"", null], ["">>"", null], [""W_Call incomplete files"", ""W_Call incomplete files""], ["">>"", null], [""W_Call incomplete files"", ""W_Call incomplete files""], ["">>"", null], [""W_Call incomplete files"", ""W_Call incomplete files""], ["">>"", null], [""W_Call incomplete files"", ""W_Call incomplete files""], ["">>"", null], [""W_Call incomplete files"", ""W_Call incomplete files""], ["">>"", null], ["">>"", null], ["">>"", null], ["">>"", null], ["">>"", null], ["">>"", null], [""W_Validate application"", ""W_Validate application""], ["">>"", null], ["">>"", null], ["">>"", null], [""W_Validate application"", ""W_Validate application""], [""A_Validating"", ""A_Validating""], ["">>"", null], [""W_Validate application"", ""W_Validate application""], ["">>"", null], ["">>"", null], ["">>"", null], ["">>"", null], ["">>"", null], ["">>"", null], [""A_Incomplete"", ""A_Incomplete""], ["">>"", null], ["">>"", null], ["">>"", null], ["">>"", null], ["">>"", null], ["">>"", null], [""W_Validate application"", ""W_Validate application""], ["">>"", null], ["">>"", null], ["">>"", null], ["">>"", null], ["">>"", null], [""W_Call incomplete files"", ""W_Call incomplete files""], ["">>"", null], [""W_Call incomplete files"", ""W_Call incomplete files""], ["">>"", null], [""W_Call incomplete files"", ""W_Call incomplete files""], ["">>"", null], ["">>"", null], ["">>"", null], ["">>"", null], ["">>"", null], ["">>"", null], [""W_Validate application"", ""W_Validate application""], ["">>"", null], ["">>"", null], [""W_Validate application"", ""W_Validate application""], [""A_Validating"", ""A_Validating""], ["">>"", null], [""W_Validate application"", ""W_Validate application""], ["">>"", null], ["">>"", null], [""A_Pending"", "">>""], [""O_Accepted"", "">>""], [""W_Validate application"", ""W_Validate application""], ["">>"", null], ["">>"", null], ["">>"", null], ["">>"", null], ["">>"", null], ["">>"", null], ["">>"", null], ["">>"", null], ["">>"", null]]",[],"[""A_Complete"", ""A_Pending"", ""O_Accepted""]"
"('A_Create Application', 'A_Submitted', 'W_Handle leads', 'W_Handle leads', 'A_Concept', 'W_Handle leads', 'W_Complete application', 'W_Complete application', 'W_Complete application', 'W_Complete application', 'A_Accepted', 'O_Create Offer', 'O_Created', 'A_Complete', 'O_Sent (mail and online)', 'W_Complete application', 'W_Call after offers', 'W_Call after offers', 'W_Call after offers', 'W_Call after offers', 'W_Call after offers', 'W_Call after offers', 'W_Validate application', 'W_Validate application', 'A_Validating', 'O_Returned', 'W_Validate application', 'W_Validate application', 'W_Validate application', 'W_Validate application', 'W_Validate application', 'W_Validate application', 'W_Validate application', 'W_Validate application', 'W_Validate application', 'W_Validate application', 'W_Validate application', 'W_Validate application', 'A_Incomplete', 'W_Validate application', 'W_Call incomplete files', 'W_Call incomplete files', 'W_Call incomplete files', 'W_Call incomplete files', 'W_Call incomplete files', 'W_Call incomplete files', 'W_Call incomplete files', 'W_Call incomplete files', 'W_Validate application', 'W_Validate application', 'A_Validating', 'W_Validate application', 'A_Pending', 'O_Accepted', 'W_Validate application')",1,3,"[[""A_Create Application"", ""A_Create Application""], [""A_Submitted"", ""A_Submitted""], ["">>"", null], ["">>"", null], [""W_Handle leads"", ""W_Handle leads""], ["">>"", null], [""W_Handle leads"", ""W_Handle leads""], [""A_Concept"", ""A_Concept""], ["">>"", null], [""W_Handle leads"", ""W_Handle leads""], ["">>"", null], ["">>"", null], ["">>"", null], [""W_Complete application"", ""W_Complete application""], ["">>"", null], ["">>"", null], [""W_Complete application"", ""W_Complete application""], ["">>"", null], ["">>"", null], [""W_Complete application"", ""W_Complete application""], ["">>"", null], ["">>"", null], [""W_Complete application"", ""W_Complete application""], ["">>"", null], ["">>"", null], ["">>"", null], ["">>"", null], ["">>"", null], ["">>"", null], ["">>"", null], ["">>"", null], [""A_Accepted"", ""A_Accepted""], [""O_Create Offer"", ""O_Create Offer""], [""O_Created"", ""O_Created""], ["">>"", null], ["">>"", null], ["">>"", null], [""A_Complete"", "">>""], [""O_Sent (mail and online)"", ""O_Sent (mail and online)""], ["">>"", null], ["">>"", null], ["">>"", null], ["">>"", null], ["">>"", null], [""W_Complete application"", ""W_Complete application""], ["">>"", null], ["">>"", null], [""W_Call after offers"", ""W_Call after offers""], ["">>"", null], [""W_Call after offers"", ""W_Call after offers""], ["">>"", null], ["">>"", null], ["">>"", null], [""W_Call after offers"", ""W_Call after offers""], ["">>"", null], [""W_Call after offers"", ""W_Call after offers""], ["">>"", null], [""W_Call after offers"", ""W_Call after offers""], ["">>"", null], [""W_Call after offers"", ""W_Call after offers""], ["">>"", null], [""W_Validate application"", ""W_Validate application""], ["">>"", null], ["">>"", null], [""W_Validate application"", ""W_Validate application""], [""A_Validating"", ""A_Validating""], ["">>"", null], ["">>"", null], ["">>"", null], ["">>"", null], ["">>"", null], ["">>"", null], [""O_Returned"", ""O_Returned""], ["">>"", null], ["">>"", null], ["">>"", null], ["">>"", null], ["">>"", null], ["">>"", null], [""W_Validate application"", ""W_Validate application""], ["">>"", null], ["">>"", null], [""W_Validate application"", ""W_Validate application""], ["">>"", null], ["">>"", null], [""W_Validate application"", ""W_Validate application""], ["">>"", null], ["">>"", null], [""W_Validate application"", ""W_Validate application""], ["">>"", null], ["">>"", null], [""W_Validate application"", ""W_Validate application""], ["">>"", null], ["">>"", null], [""W_Validate application"", ""W_Validate application""], ["">>"", null], ["">>"", null], [""W_Validate application"", ""W_Validate application""], ["">>"", null], ["">>"", null], [""W_Validate application"", ""W_Validate application""], ["">>"", null], ["">>"", null], [""W_Validate application"", ""W_Validate application""], ["">>"", null], ["">>"", null], [""W_Validate application"", ""W_Validate application""], ["">>"", null], ["">>"", null], [""W_Validate application"", ""W_Validate application""], ["">>"", null], ["">>"", null], [""W_Validate application"", ""W_Validate application""], ["">>"", null], ["">>"", null], ["">>"", null], ["">>"", null], ["">>"", null], [""A_Incomplete"", ""A_Incomplete""], ["">>"", null], ["">>"", null], ["">>"", null], ["">>"", null], ["">>"", null], ["">>"", null], ["">>"", null], [""W_Validate application"", ""W_Validate application""], ["">>"", null], ["">>"", null], ["">>"", null], ["">>"", null], ["">>"", null], [""W_Call incomplete files"", ""W_Call incomplete files""], ["">>"", null], [""W_Call incomplete files"", ""W_Call incomplete files""], ["">>"", null], [""W_Call incomplete files"", ""W_Call incomplete files""], ["">>"", null], [""W_Call incomplete files"", ""W_Call incomplete files""], ["">>"", null], [""W_Call incomplete files"", ""W_Call incomplete files""], ["">>"", null], [""W_Call incomplete files"", ""W_Call incomplete files""], ["">>"", null], [""W_Call incomplete files"", ""W_Call incomplete files""], ["">>"", null], [""W_Call incomplete files"", ""W_Call incomplete files""], ["">>"", null], ["">>"", null], ["">>"", null], ["">>"", null], ["">>"", null], ["">>"", null], ["">>"", null], [""W_Validate application"", ""W_Validate application""], ["">>"", null], ["">>"", null], [""W_Validate application"", ""W_Validate application""], [""A_Validating"", ""A_Validating""], ["">>"", null], ["">>"", null], [""W_Validate application"", ""W_Validate application""], ["">>"", null], ["">>"", null], [""A_Pending"", "">>""], [""O_Accepted"", "">>""], [""W_Validate application"", ""W_Validate application""], ["">>"", null], ["">>"", null], ["">>"", null], ["">>"", null], ["">>"", null], ["">>"", null], ["">>"", null], ["">>"", null], ["">>"", null]]",[],"[""A_Complete"", ""A_Pending"", ""O_Accepted""]"
"('A_Create Application', 'A_Submitted', 'W_Handle leads', 'A_Concept', 'W_Handle leads', 'W_Complete application', 'A_Accepted', 'O_Create Offer', 'O_Created', 'A_Complete', 'O_Sent (mail and online)', 'W_Complete application', 'W_Call after offers', 'W_Call after offers', 'W_Call after offers', 'W_Call after offers', 'W_Call after offers', 'W_Call after offers', 'W_Validate application', 'W_Validate application', 'A_Validating', 'O_Returned', 'W_Validate application', 'W_Validate application', 'A_Incomplete', 'W_Validate application', 'W_Call incomplete files', 'W_Call incomplete files', 'W_Call incomplete files', 'W_Call incomplete files', 'W_Call incomplete files', 'W_Call incomplete files', 'W_Validate application', 'W_Validate application', 'A_Validating', 'W_Validate application', 'A_Incomplete', 'W_Validate application', 'W_Call incomplete files', 'W_Call incomplete files', 'W_Call incomplete files', 'W_Call incomplete files', 'W_Call incomplete files', 'A_Pending', 'O_Accepted', 'W_Call incomplete files')",1,3,"[[""A_Create Application"", ""A_Create Application""], [""A_Submitted"", ""A_Submitted""], ["">>"", null], ["">>"", null], [""W_Handle leads"", ""W_Handle leads""], ["">>"", null], [""A_Concept"", ""A_Concept""], [""W_Handle leads"", ""W_Handle leads""], ["">>"", null], ["">>"", null], ["">>"", null], [""W_Complete application"", ""W_Complete application""], [""A_Accepted"", ""A_Accepted""], ["">>"", null], ["">>"", null], ["">>"", null], ["">>"", null], ["">>"", null], ["">>"", null], ["">>"", null], ["">>"", null], [""O_Create Offer"", ""O_Create Offer""], [""O_Created"", ""O_Created""], ["">>"", null], ["">>"", null], ["">>"", null], [""A_Complete"", "">>""], [""O_Sent (mail and online)"", ""O_Sent (mail and online)""], ["">>"", null], ["">>"", null], ["">>"", null], ["">>"", null], ["">>"", null], [""W_Complete application"", ""W_Complete application""], ["">>"", null], ["">>"", null], ["">>"", null], [""W_Call after offers"", ""W_Call after offers""], ["">>"", null], [""W_Call after offers"", ""W_Call after offers""], ["">>"", null], [""W_Call after offers"", ""W_Call after offers""], ["">>"", null], [""W_Call after offers"", ""W_Call after offers""], ["">>"", null], ["">>"", null], [""W_Call after offers"", ""W_Call after offers""], ["">>"", null], ["">>"", null], [""W_Call after offers"", ""W_Call after offers""], [""W_Validate application"", ""W_Validate application""], ["">>"", null], ["">>"", null], [""W_Validate application"", ""W_Validate application""], [""A_Validating"", ""A_Validating""], ["">>"", null], ["">>"", null], ["">>"", null], ["">>"", null], ["">>"", null], ["">>"", null], [""O_Returned"", ""O_Returned""], ["">>"", null], ["">>"", null], ["">>"", null], ["">>"", null], ["">>"", null], ["">>"", null], [""W_Validate application"", ""W_Validate application""], ["">>"", null], ["">>"", null], [""W_Validate application"", ""W_Validate application""], ["">>"", null], ["">>"", null], ["">>"", null], ["">>"", null], ["">>"", null], ["">>"", null], [""A_Incomplete"", ""A_Incomplete""], ["">>"", null], ["">>"", null], ["">>"", null], ["">>"", null], ["">>"", null], ["">>"", null], [""W_Validate application"", ""W_Validate application""], ["">>"", null], ["">>"", null], ["">>"", null], ["">>"", null], ["">>"", null], [""W_Call incomplete files"", ""W_Call incomplete files""], ["">>"", null], [""W_Call incomplete files"", ""W_Call incomplete files""], ["">>"", null], [""W_Call incomplete files"", ""W_Call incomplete files""], ["">>"", null], [""W_Call incomplete files"", ""W_Call incomplete files""], ["">>"", null], [""W_Call incomplete files"", ""W_Call incomplete files""], ["">>"", null], [""W_Call incomplete files"", ""W_Call incomplete files""], ["">>"", null], ["">>"", null], ["">>"", null], ["">>"", null], ["">>"", null], ["">>"", null], [""W_Validate application"", ""W_Validate application""], ["">>"", null], ["">>"", null], [""W_Validate application"", ""W_Validate application""], [""A_Validating"", ""A_Validating""], ["">>"", null], [""W_Validate application"", ""W_Validate application""], ["">>"", null], ["">>"", null], ["">>"", null], ["">>"", null], ["">>"", null], ["">>"", null], [""A_Incomplete"", ""A_Incomplete""], ["">>"", null], ["">>"", null], ["">>"", null], ["">>"", null], ["">>"", null], ["">>"", null], [""W_Validate application"", ""W_Validate application""], ["">>"", null], ["">>"", null], ["">>"", null], ["">>"", null], ["">>"", null], [""W_Call incomplete files"", ""W_Call incomplete files""], ["">>"", null], [""W_Call incomplete files"", ""W_Call incomplete files""], ["">>"", null], [""W_Call incomplete files"", ""W_Call incomplete files""], ["">>"", null], [""W_Call incomplete files"", ""W_Call incomplete files""], ["">>"", null], [""W_Call incomplete files"", ""W_Call incomplete files""], ["">>"", null], ["">>"", null], [""A_Pending"", "">>""], [""O_Accepted"", "">>""], ["">>"", null], ["">>"", null], [""W_Call incomplete files"", ""W_Call incomplete files""], ["">>"", null], ["">>"", null], ["">>"", null], ["">>"", null], ["">>"", null], ["">>"", null], ["">>"", null]]",[],"[""A_Complete"", ""A_Pending"", ""O_Accepted""]"
"('A_Create Application', 'A_Concept', 'W_Complete application', 'W_Complete application', 'A_Accepted', 'O_Create Offer', 'O_Created', 'A_Complete', 'O_Sent (mail and online)', 'W_Complete application', 'W_Call after offers', 'W_Call after offers', 'W_Call after offers', 'W_Call after offers', 'W_Call after offers', 'W_Call after offers', 'W_Validate application', 'W_Validate application', 'A_Validating', 'O_Returned', 'W_Validate application', 'W_Validate application', 'W_Validate application', 'W_Validate application', 'W_Validate application', 'W_Validate application', 'W_Validate application', 'W_Validate application', 'W_Validate application', 'W_Validate application', 'W_Validate application', 'W_Validate application', 'W_Validate application', 'W_Validate application', 'A_Pending', 'O_Accepted', 'W_Validate application')",2,3,"[[""A_Create Application"", ""A_Create Application""], ["">>"", null], ["">>"", null], ["">>"", null], ["">>"", null], ["">>"", null], [""A_Concept"", ""A_Concept""], [""W_Complete application"", ""W_Complete application""], ["">>"", null], ["">>"", null], [""W_Complete application"", ""W_Complete application""], ["">>"", null], ["">>"", null], [""A_Accepted"", ""A_Accepted""], ["">>"", null], ["">>"", null], ["">>"", null], ["">>"", null], ["">>"", null], ["">>"", null], [""O_Create Offer"", ""O_Create Offer""], [""O_Created"", ""O_Created""], ["">>"", null], ["">>"", null], ["">>"", null], [""A_Complete"", "">>""], [""O_Sent (mail and online)"", ""O_Sent (mail and online)""], ["">>"", null], ["">>"", null], ["">>"", null], ["">>"", null], ["">>"", null], [""W_Complete application"", ""W_Complete application""], ["">>"", null], ["">>"", null], ["">>"", null], ["">>"", null], [""W_Call after offers"", ""W_Call after offers""], ["">>"", null], [""W_Call after offers"", ""W_Call after offers""], ["">>"", null], [""W_Call after offers"", ""W_Call after offers""], ["">>"", null], [""W_Call after offers"", ""W_Call after offers""], ["">>"", null], [""W_Call after offers"", ""W_Call after offers""], ["">>"", null], [""W_Call after offers"", ""W_Call after offers""], ["">>"", null], [""W_Validate application"", ""W_Validate application""], ["">>"", null], ["">>"", null], [""W_Validate application"", ""W_Validate application""], [""A_Validating"", ""A_Validating""], ["">>"", null], ["">>"", null], ["">>"", null], ["">>"", null], ["">>"", null], ["">>"", null], [""O_Returned"", ""O_Returned""], ["">>"", null], ["">>"", null], ["">>"", null], ["">>"", null], ["">>"", null], ["">>"", null], [""W_Validate application"", ""W_Validate application""], ["">>"", null], ["">>"", null], [""W_Validate application"", ""W_Validate application""], ["">>"", null], ["">>"", null], [""W_Validate application"", ""W_Validate application""], ["">>"", null], ["">>"", null], ["">>"", null], [""W_Validate application"", ""W_Validate application""], ["">>"", null], ["">>"", null], [""W_Validate application"", ""W_Validate application""], ["">>"", null], ["">>"", null], [""W_Validate application"", ""W_Validate application""], ["">>"", null], ["">>"", null], [""W_Validate application"", ""W_Validate application""], ["">>"", null], ["">>"", null], ["">>"", null], [""W_Validate application"", ""W_Validate application""], ["">>"", null], ["">>"", null], [""W_Validate application"", ""W_Validate application""], ["">>"", null], ["">>"", null], [""W_Validate application"", ""W_Validate application""], ["">>"", null], ["">>"", null], [""W_Validate application"", ""W_Validate application""], ["">>"", null], ["">>"", null], [""W_Validate application"", ""W_Validate application""], ["">>"", null], ["">>"", null], [""W_Validate application"", ""W_Validate application""], ["">>"", null], ["">>"", null], [""W_Validate application"", ""W_Validate application""], ["">>"", null], ["">>"", null], [""A_Pending"", "">>""], [""O_Accepted"", "">>""], [""W_Validate application"", ""W_Validate application""], ["">>"", null], ["">>"", null], ["">>"", null], ["">>"", null], ["">>"", null], ["">>"", null], ["">>"", null], ["">>"", null], ["">>"", null]]",[],"[""A_Complete"", ""A_Pending"", ""O_Accepted""]"
"('A_Create Application', 'A_Concept', 'W_Complete application', 'W_Complete application', 'A_Accepted', 'O_Create Offer', 'O_Created', 'A_Complete', 'O_Sent (mail and online)', 'W_Complete application', 'W_Call after offers', 'W_Call after offers', 'W_Call after offers', 'W_Call after offers', 'W_Call after offers', 'W_Call after offers', 'W_Validate application', 'W_Validate application', 'A_Validating', 'O_Returned', 'W_Validate application', 'W_Validate application', 'W_Validate application', 'W_Validate application', 'A_Pending', 'O_Accepted', 'W_Validate application')",43,3,"[[""A_Create Application"", ""A_Create Application""], ["">>"", null], ["">>"", null], ["">>"", null], ["">>"", null], ["">>"", null], ["">>"", null], [""A_Concept"", ""A_Concept""], [""W_Complete application"", ""W_Complete application""], ["">>"", null], ["">>"", null], [""W_Complete application"", ""W_Complete application""], ["">>"", null], ["">>"", null], ["">>"", null], ["">>"", null], ["">>"", null], ["">>"", null], ["">>"", null], ["">>"", null], [""A_Accepted"", ""A_Accepted""], [""O_Create Offer"", ""O_Create Offer""], [""O_Created"", ""O_Created""], ["">>"", null], ["">>"", null], ["">>"", null], [""A_Complete"", "">>""], [""O_Sent (mail and online)"", ""O_Sent (mail and online)""], ["">>"", null], ["">>"", null], ["">>"", null], ["">>"", null], ["">>"", null], [""W_Complete application"", ""W_Complete application""], ["">>"", null], ["">>"", null], ["">>"", null], ["">>"", null], [""W_Call after offers"", ""W_Call after offers""], ["">>"", null], [""W_Call after offers"", ""W_Call after offers""], ["">>"", null], [""W_Call after offers"", ""W_Call after offers""], ["">>"", null], [""W_Call after offers"", ""W_Call after offers""], ["">>"", null], [""W_Call after offers"", ""W_Call after offers""], ["">>"", null], [""W_Call after offers"", ""W_Call after offers""], ["">>"", null], ["">>"", null], [""W_Validate application"", ""W_Validate application""], ["">>"", null], ["">>"", null], [""W_Validate application"", ""W_Validate application""], [""A_Validating"", ""A_Validating""], ["">>"", null], ["">>"", null], ["">>"", null], ["">>"", null], ["">>"", null], ["">>"", null], [""O_Returned"", ""O_Returned""], ["">>"", null], ["">>"", null], ["">>"", null], ["">>"", null], ["">>"", null], ["">>"", null], [""W_Validate application"", ""W_Validate application""], ["">>"", null], ["">>"", null], [""W_Validate application"", ""W_Validate application""], ["">>"", null], ["">>"", null], [""W_Validate application"", ""W_Validate application""], ["">>"", null], ["">>"", null], [""W_Validate application"", ""W_Validate application""], ["">>"", null], ["">>"", null], [""A_Pending"", "">>""], [""O_Accepted"", "">>""], [""W_Validate application"", ""W_Validate application""], ["">>"", null], ["">>"", null], ["">>"", null], ["">>"", null], ["">>"", null], ["">>"", null], ["">>"", null], ["">>"", null], ["">>"", null]]",[],"[""A_Complete"", ""A_Pending"", ""O_Accepted""]"
"('A_Create Application', 'A_Submitted', 'W_Handle leads', 'A_Concept', 'W_Handle leads', 'W_Complete application', 'W_Complete application', 'W_Complete application', 'W_Complete application', 'A_Accepted', 'O_Create Offer', 'O_Created', 'A_Complete', 'O_Sent (mail and online)', 'W_Complete application', 'W_Call after offers', 'W_Call after offers', 'W_Call after offers', 'W_Call after offers', 'W_Call after offers', 'A_Cancelled', 'O_Cancelled', 'W_Call after offers')",423,1,"[[""A_Create Application"", ""A_Create Application""], [""A_Submitted"", ""A_Submitted""], ["">>"", null], ["">>"", null], [""W_Handle leads"", ""W_Handle leads""], [""A_Concept"", ""A_Concept""], ["">>"", null], [""W_Handle leads"", ""W_Handle leads""], ["">>"", null], ["">>"", null], ["">>"", null], [""W_Complete application"", ""W_Complete application""], ["">>"", null], ["">>"", null], [""W_Complete application"", ""W_Complete application""], ["">>"", null], ["">>"", null], [""W_Complete application"", ""W_Complete application""], ["">>"", null], ["">>"", null], [""W_Complete application"", ""W_Complete application""], ["">>"", null], ["">>"", null], ["">>"", null], ["">>"", null], [""A_Accepted"", ""A_Accepted""], ["">>"", null], ["">>"", null], ["">>"", null], ["">>"", null], ["">>"", null], [""O_Create Offer"", ""O_Create Offer""], [""O_Created"", ""O_Created""], ["">>"", null], ["">>"", null], ["">>"", null], [""A_Complete"", "">>""], [""O_Sent (mail and online)"", ""O_Sent (mail and online)""], ["">>"", null], ["">>"", null], ["">>"", null], ["">>"", null], ["">>"", null], [""W_Complete application"", ""W_Complete application""], ["">>"", null], ["">>"", null], ["">>"", null], ["">>"", null], ["">>"", null], [""W_Call after offers"", ""W_Call after offers""], ["">>"", null], [""W_Call after offers"", ""W_Call after offers""], ["">>"", null], [""W_Call after offers"", ""W_Call after offers""], ["">>"", null], [""W_Call after offers"", ""W_Call after offers""], ["">>"", null], [""W_Call after offers"", ""W_Call after offers""], ["">>"", null], [""A_Cancelled"", ""A_Cancelled""], ["">>"", null], ["">>"", null], ["">>"", null], [""O_Cancelled"", ""O_Cancelled""], ["">>"", null], ["">>"", null], ["">>"", null], [""W_Call after offers"", ""W_Call after offers""], ["">>"", null], ["">>"", null], ["">>"", null], ["">>"", null]]",[],"[""A_Complete""]"
"('A_Create Application', 'A_Submitted', 'W_Handle leads', 'W_Handle leads', 'A_Concept', 'W_Handle leads', 'W_Complete application', 'W_Complete application', 'W_Complete application', 'W_Complete application', 'W_Complete application', 'W_Complete application', 'W_Complete application', 'W_Complete application', 'W_Complete application', 'W_Complete application', 'W_Complete application', 'W_Complete application', 'A_Accepted', 'O_Create Offer', 'O_Created', 'A_Complete', 'O_Sent (mail and online)', 'W_Complete application', 'W_Call after offers', 'W_Call after offers', 'W_Call after offers', 'W_Call after offers', 'W_Call after offers', 'W_Call after offers', 'W_Validate application', 'W_Validate application', 'A_Validating', 'O_Returned', 'W_Validate application', 'A_Incomplete', 'W_Validate application', 'W_Call incomplete files', 'W_Call incomplete files', 'W_Call incomplete files', 'W_Call incomplete files', 'W_Call incomplete files', 'W_Call incomplete files', 'W_Call incomplete files', 'W_Call incomplete files', 'W_Call incomplete files', 'W_Call incomplete files', 'W_Validate application', 'W_Validate application', 'A_Validating', 'W_Validate application', 'A_Denied', 'O_Refused', 'W_Validate application')",1,1,"[[""A_Create Application"", ""A_Create Application""], [""A_Submitted"", ""A_Submitted""], ["">>"", null], ["">>"", null], ["">>"", null], [""W_Handle leads"", ""W_Handle leads""], ["">>"", null], [""W_Handle leads"", ""W_Handle leads""], ["">>"", null], [""A_Concept"", ""A_Concept""], [""W_Handle leads"", ""W_Handle leads""], ["">>"", null], ["">>"", null], ["">>"", null], [""W_Complete application"", ""W_Complete application""], ["">>"", null], ["">>"", null], [""W_Complete application"", ""W_Complete application""], ["">>"", null], ["">>"", null], [""W_Complete application"", ""W_Complete application""], ["">>"", null], ["">>"", null], [""W_Complete application"", ""W_Complete application""], ["">>"", null], ["">>"", null], [""W_Complete application"", ""W_Complete application""], ["">>"", null], ["">>"", null], [""W_Complete application"", ""W_Complete application""], ["">>"", null], ["">>"", null], [""W_Complete application"", ""W_Complete application""], ["">>"", null], ["">>"", null], [""W_Complete application"", ""W_Complete application""], ["">>"", null], ["">>"", null], [""W_Complete application"", ""W_Complete application""], ["">>"", null], ["">>"", null], [""W_Complete application"", ""W_Complete application""], ["">>"", null], ["">>"", null], [""W_Complete application"", ""W_Complete application""], ["">>"", null], ["">>"", null], [""W_Complete application"", ""W_Complete application""], [""A_Accepted"", ""A_Accepted""], ["">>"", null], ["">>"", null], ["">>"", null], ["">>"", null], ["">>"", null], ["">>"", null], ["">>"", null], [""O_Create Offer"", ""O_Create Offer""], [""O_Created"", ""O_Created""], ["">>"", null], ["">>"", null], ["">>"", null], [""A_Complete"", "">>""], [""O_Sent (mail and online)"", ""O_Sent (mail and online)""], ["">>"", null], ["">>"", null], ["">>"", null], ["">>"", null], ["">>"", null], ["">>"", null], [""W_Complete application"", ""W_Complete application""], ["">>"", null], ["">>"", null], ["">>"", null], [""W_Call after offers"", ""W_Call after offers""], ["">>"", null], ["">>"", null], [""W_Call after offers"", ""W_Call after offers""], ["">>"", null], [""W_Call after offers"", ""W_Call after offers""], ["">>"", null], [""W_Call after offers"", ""W_Call after offers""], ["">>"", null], [""W_Call after offers"", ""W_Call after offers""], ["">>"", null], ["">>"", null], [""W_Call after offers"", ""W_Call after offers""], [""W_Validate application"", ""W_Validate application""], ["">>"", null], ["">>"", null], [""W_Validate application"", ""W_Validate application""], [""A_Validating"", ""A_Validating""], ["">>"", null], ["">>"", null], ["">>"", null], ["">>"", null], ["">>"", null], ["">>"", null], [""O_Returned"", ""O_Returned""], ["">>"", null], ["">>"", null], ["">>"", null], ["">>"", null], ["">>"", null], ["">>"", null], [""W_Validate application"", ""W_Validate application""], ["">>"", null], ["">>"", null], ["">>"", null], ["">>"", null], ["">>"", null], ["">>"", null], [""A_Incomplete"", ""A_Incomplete""], ["">>"", null], ["">>"", null], ["">>"", null], ["">>"", null], ["">>"", null], ["">>"", null], [""W_Validate application"", ""W_Validate application""], ["">>"", null], ["">>"", null], ["">>"", null], ["">>"", null], ["">>"", null], [""W_Call incomplete files"", ""W_Call incomplete files""], ["">>"", null], [""W_Call incomplete files"", ""W_Call incomplete files""], ["">>"", null], [""W_Call incomplete files"", ""W_Call incomplete files""], ["">>"", null], [""W_Call incomplete files"", ""W_Call incomplete files""], ["">>"", null], [""W_Call incomplete files"", ""W_Call incomplete files""], ["">>"", null], [""W_Call incomplete files"", ""W_Call incomplete files""], ["">>"", null], [""W_Call incomplete files"", ""W_Call incomplete files""], ["">>"", null], [""W_Call incomplete files"", ""W_Call incomplete files""], ["">>"", null], [""W_Call incomplete files"", ""W_Call incomplete files""], ["">>"", null], [""W_Call incomplete files"", ""W_Call incomplete files""], ["">>"", null], ["">>"", null], ["">>"", null], ["">>"", null], ["">>"", null], ["">>"", null], [""W_Validate application"", ""W_Validate application""], ["">>"", null], ["">>"", null], [""W_Validate application"", ""W_Validate application""], [""A_Validating"", ""A_Validating""], ["">>"", null], ["">>"", null], [""W_Validate application"", ""W_Validate application""], ["">>"", null], ["">>"", null], ["">>"", null], ["">>"", null], ["">>"", null], ["">>"", null], [""A_Denied"", ""A_Denied""], ["">>"", null], [""O_Refused"", ""O_Refused""], ["">>"", null], ["">>"", null], ["">>"", null], ["">>"", null], ["">>"", null], [""W_Validate application"", ""W_Validate application""], ["">>"", null], ["">>"", null], ["">>"", null], ["">>"", null], ["">>"", null], ["">>"", null], ["">>"", null], ["">>"", null], ["">>"", null]]",[],"[""A_Complete""]"
"('A_Create Application', 'A_Submitted', 'W_Handle leads', 'A_Concept', 'W_Handle leads', 'W_Complete application', 'W_Complete application', 'W_Complete application', 'W_Complete application', 'W_Complete application', 'W_Complete application', 'A_Accepted', 'O_Create Offer', 'O_Created', 'A_Complete', 'O_Sent (mail and online)', 'W_Complete application', 'W_Call after offers', 'W_Call after offers', 'W_Call after offers', 'W_Call after offers', 'W_Call after offers', 'W_Call after offers', 'W_Call after offers', 'W_Call after offers', 'W_Validate application', 'W_Validate application', 'A_Validating', 'O_Returned', 'W_Validate application', 'A_Denied', 'O_Refused', 'W_Validate application')",2,1,"[[""A_Create Application"", ""A_Create Application""], [""A_Submitted"", ""A_Submitted""], ["">>"", null], ["">>"", null], [""W_Handle leads"", ""W_Handle leads""], ["">>"", null], [""A_Concept"", ""A_Concept""], [""W_Handle leads"", ""W_Handle leads""], ["">>"", null], ["">>"", null], ["">>"", null], [""W_Complete application"", ""W_Complete application""], ["">>"", null], ["">>"", null], [""W_Complete application"", ""W_Complete application""], ["">>"", null], ["">>"", null], [""W_Complete application"", ""W_Complete application""], ["">>"", null], ["">>"", null], [""W_Complete application"", ""W_Complete application""], ["">>"", null], ["">>"", null], [""W_Complete application"", ""W_Complete application""], ["">>"", null], ["">>"", null], [""W_Complete application"", ""W_Complete application""], ["">>"", null], ["">>"", null], ["">>"", null], [""A_Accepted"", ""A_Accepted""], ["">>"", null], ["">>"", null], ["">>"", null], ["">>"", null], ["">>"", null], [""O_Create Offer"", ""O_Create Offer""], [""O_Created"", ""O_Created""], ["">>"", null], ["">>"", null], ["">>"", null], [""A_Complete"", "">>""], [""O_Sent (mail and online)"", ""O_Sent (mail and online)""], ["">>"", null], ["">>"", null], ["">>"", null], ["">>"", null], ["">>"", null], [""W_Complete application"", ""W_Complete application""], ["">>"", null], ["">>"", null], [""W_Call after offers"", ""W_Call after offers""], ["">>"", null], ["">>"", null], ["">>"", null], [""W_Call after offers"", ""W_Call after offers""], ["">>"", null], [""W_Call after offers"", ""W_Call after offers""], ["">>"", null], [""W_Call after offers"", ""W_Call after offers""], ["">>"", null], [""W_Call after offers"", ""W_Call after offers""], ["">>"", null], [""W_Call after offers"", ""W_Call after offers""], ["">>"", null], [""W_Call after offers"", ""W_Call after offers""], ["">>"", null], [""W_Call after offers"", ""W_Call after offers""], ["">>"", null], ["">>"", null], [""W_Validate application"", ""W_Validate application""], ["">>"", null], ["">>"", null], ["">>"", null], [""W_Validate application"", ""W_Validate application""], [""A_Validating"", ""A_Validating""], ["">>"", null], ["">>"", null], ["">>"", null], ["">>"", null], ["">>"", null], ["">>"", null], [""O_Returned"", ""O_Returned""], ["">>"", null], ["">>"", null], ["">>"", null], ["">>"", null], ["">>"", null], ["">>"", null], [""W_Validate application"", ""W_Validate application""], ["">>"", null], ["">>"", null], ["">>"", null], ["">>"", null], ["">>"", null], ["">>"", null], [""A_Denied"", ""A_Denied""], ["">>"", null], [""O_Refused"", ""O_Refused""], ["">>"", null], ["">>"", null], ["">>"", null], ["">>"", null], ["">>"", null], [""W_Validate application"", ""W_Validate application""], ["">>"", null], ["">>"", null], ["">>"", null], ["">>"", null], ["">>"", null], ["">>"", null], ["">>"", null], ["">>"", null], ["">>"", null]]",[],"[""A_Complete""]"
"('A_Create Application', 'A_Submitted', 'W_Handle leads', 'A_Concept', 'W_Handle leads', 'W_Complete application', 'W_Complete application', 'W_Complete application', 'W_Complete application', 'A_Accepted', 'O_Create Offer', 'O_Created', 'O_Cancelled', 'O_Create Offer', 'O_Created', 'A_Complete', 'O_Sent (mail and online)', 'W_Complete application', 'W_Call after offers', 'W_Call after offers', 'W_Call after offers', 'W_Call after offers', 'W_Call after offers', 'W_Call after offers', 'W_Validate application', 'W_Validate application', 'A_Validating', 'O_Returned', 'W_Validate application', 'A_Incomplete', 'W_Validate application', 'W_Call incomplete files', 'W_Call incomplete files', 'W_Call incomplete files', 'W_Call incomplete files', 'W_Call incomplete files', 'W_Call incomplete files', 'W_Validate application', 'W_Validate application', 'A_Validating', 'W_Validate application', 'A_Pending', 'O_Accepted', 'W_Validate application')",1,3,"[[""A_Create Application"", ""A_Create Application""], [""A_Submitted"", ""A_Submitted""], ["">>"", null], ["">>"", null], [""W_Handle leads"", ""W_Handle leads""], [""A_Concept"", ""A_Concept""], ["">>"", null], [""W_Handle leads"", ""W_Handle leads""], ["">>"", null], ["">>"", null], ["">>"", null], [""W_Complete application"", ""W_Complete application""], ["">>"", null], ["">>"", null], [""W_Complete application"", ""W_Complete application""], ["">>"", null], ["">>"", null], [""W_Complete application"", ""W_Complete application""], ["">>"", null], ["">>"", null], [""W_Complete application"", ""W_Complete application""], ["">>"", null], ["">>"", null], ["">>"", null], ["">>"", null], ["">>"", null], ["">>"", null], ["">>"", null], [""A_Accepted"", ""A_Accepted""], [""O_Create Offer"", ""O_Create Offer""], [""O_Created"", ""O_Created""], ["">>"", null], ["">>"", null], ["">>"", null], [""O_Cancelled"", ""O_Cancelled""], ["">>"", null], ["">>"", null], ["">>"", null], [""O_Create Offer"", ""O_Create Offer""], [""O_Created"", ""O_Created""], ["">>"", null], ["">>"", null], ["">>"", null], [""A_Complete"", "">>""], [""O_Sent (mail and online)"", ""O_Sent (mail and online)""], ["">>"", null], ["">>"", null], ["">>"", null], ["">>"", null], ["">>"", null], ["">>"", null], [""W_Complete application"", ""W_Complete application""], ["">>"", null], ["">>"", null], ["">>"", null], ["">>"", null], [""W_Call after offers"", ""W_Call after offers""], ["">>"", null], [""W_Call after offers"", ""W_Call after offers""], ["">>"", null], [""W_Call after offers"", ""W_Call after offers""], ["">>"", null], [""W_Call after offers"", ""W_Call after offers""], ["">>"", null], [""W_Call after offers"", ""W_Call after offers""], ["">>"", null], [""W_Call after offers"", ""W_Call after offers""], ["">>"", null], [""W_Validate application"", ""W_Validate application""], ["">>"", null], ["">>"", null], [""W_Validate application"", ""W_Validate application""], [""A_Validating"", ""A_Validating""], ["">>"", null], ["">>"", null], ["">>"", null], ["">>"", null], ["">>"", null], ["">>"", null], [""O_Returned"", ""O_Returned""], ["">>"", null], ["">>"", null], ["">>"", null], ["">>"", null], ["">>"", null], ["">>"", null], [""W_Validate application"", ""W_Validate application""], ["">>"", null], ["">>"", null], ["">>"", null], ["">>"", null], ["">>"", null], ["">>"", null], [""A_Incomplete"", ""A_Incomplete""], ["">>"", null], ["">>"", null], ["">>"", null], ["">>"", null], ["">>"", null], ["">>"", null], [""W_Validate application"", ""W_Validate application""], ["">>"", null], ["">>"", null], ["">>"", null], ["">>"", null], ["">>"", null], [""W_Call incomplete files"", ""W_Call incomplete files""], ["">>"", null], [""W_Call incomplete files"", ""W_Call incomplete files""], ["">>"", null], [""W_Call incomplete files"", ""W_Call incomplete files""], ["">>"", null], [""W_Call incomplete files"", ""W_Call incomplete files""], ["">>"", null], [""W_Call incomplete files"", ""W_Call incomplete files""], ["">>"", null], ["">>"", null], [""W_Call incomplete files"", ""W_Call incomplete files""], ["">>"", null], ["">>"", null], ["">>"", null], ["">>"", null], ["">>"", null], [""W_Validate application"", ""W_Validate application""], ["">>"", null], ["">>"", null], [""W_Validate application"", ""W_Validate application""], [""A_Validating"", ""A_Validating""], ["">>"", null], [""W_Validate application"", ""W_Validate application""], ["">>"", null], ["">>"", null], [""A_Pending"", "">>""], ["">>"", null], [""O_Accepted"", "">>""], ["">>"", null], [""W_Validate application"", ""W_Validate application""], ["">>"", null], ["">>"", null], ["">>"", null], ["">>"", null], ["">>"", null], ["">>"", null], ["">>"", null], ["">>"", null], ["">>"", null]]",[],"[""A_Complete"", ""A_Pending"", ""O_Accepted""]"
"('A_Create Application', 'A_Submitted', 'W_Handle leads', 'A_Concept', 'W_Handle leads', 'W_Complete application', 'W_Complete application', 'W_Complete application', 'W_Complete application', 'A_Accepted', 'O_Create Offer', 'O_Created', 'O_Create Offer', 'O_Created', 'O_Sent (mail and online)', 'O_Sent (mail and online)', 'A_Complete', 'W_Complete application', 'W_Call after offers', 'W_Call after offers', 'W_Call after offers', 'W_Call after offers', 'W_Call after offers', 'W_Call after offers', 'W_Call after offers', 'O_Create Offer', 'O_Created', 'O_Create Offer', 'O_Created', 'O_Sent (mail and online)', 'O_Sent (mail and online)', 'A_Cancelled', 'O_Cancelled', 'O_Cancelled', 'O_Cancelled', 'O_Cancelled', 'W_Call after offers')",1,1,"[[""A_Create Application"", ""A_Create Application""], [""A_Submitted"", ""A_Submitted""], ["">>"", null], ["">>"", null], ["">>"", null], [""W_Handle leads"", ""W_Handle leads""], ["">>"", null], [""A_Concept"", ""A_Concept""], [""W_Handle leads"", ""W_Handle leads""], ["">>"", null], ["">>"", null], ["">>"", null], [""W_Complete application"", ""W_Complete application""], ["">>"", null], ["">>"", null], [""W_Complete application"", ""W_Complete application""], ["">>"", null], ["">>"", null], [""W_Complete application"", ""W_Complete application""], ["">>"", null], ["">>"", null], [""W_Complete application"", ""W_Complete application""], ["">>"", null], ["">>"", null], ["">>"", null], ["">>"", null], ["">>"", null], ["">>"", null], ["">>"", null], ["">>"", null], [""A_Accepted"", ""A_Accepted""], [""O_Create Offer"", ""O_Create Offer""], [""O_Created"", ""O_Created""], ["">>"", null], ["">>"", null], ["">>"", null], ["">>"", null], ["">>"", null], ["">>"", null], ["">>"", null], [""O_Create Offer"", ""O_Create Offer""], [""O_Created"", ""O_Created""], ["">>"", null], ["">>"", null], ["">>"", null], [""O_Sent (mail and online)"", ""O_Sent (mail and online)""], ["">>"", null], ["">>"", null], ["">>"", null], [""O_Sent (mail and online)"", ""O_Sent (mail and online)""], ["">>"", null], ["">>"", null], ["">>"", null], ["">>"", null], ["">>"", null], [""A_Complete"", "">>""], [""W_Complete application"", ""W_Complete application""], ["">>"", null], ["">>"", null], ["">>"", null], ["">>"", null], [""W_Call after offers"", ""W_Call after offers""], ["">>"", null], [""W_Call after offers"", ""W_Call after offers""], ["">>"", null], [""W_Call after offers"", ""W_Call after offers""], ["">>"", null], [""W_Call after offers"", ""W_Call after offers""], ["">>"", null], [""W_Call after offers"", ""W_Call after offers""], ["">>"", null], [""W_Call after offers"", ""W_Call after offers""], ["">>"", null], ["">>"", null], ["">>"", null], ["">>"", null], ["">>"", null], [""W_Call after offers"", ""W_Call after offers""], ["">>"", null], [""O_Create Offer"", ""O_Create Offer""], [""O_Created"", ""O_Created""], ["">>"", null], ["">>"", null], ["">>"", null], ["">>"", null], ["">>"", null], ["">>"", null], ["">>"", null], [""O_Create Offer"", ""O_Create Offer""], [""O_Created"", ""O_Created""], ["">>"", null], ["">>"", null], ["">>"", null], [""O_Sent (mail and online)"", ""O_Sent (mail and online)""], ["">>"", null], ["">>"", null], ["">>"", null], [""O_Sent (mail and online)"", ""O_Sent (mail and online)""], ["">>"", null], ["">>"", null], ["">>"", null], ["">>"", null], [""A_Cancelled"", ""A_Cancelled""], ["">>"", null], ["">>"", null], ["">>"", null], [""O_Cancelled"", ""O_Cancelled""], ["">>"", null], ["">>"", null], ["">>"", null], [""O_Cancelled"", ""O_Cancelled""], ["">>"", null], ["">>"", null], ["">>"", null], [""O_Cancelled"", ""O_Cancelled""], ["">>"", null], ["">>"", null], ["">>"", null], [""O_Cancelled"", ""O_Cancelled""], ["">>"", null], ["">>"", null], ["">>"", null], [""W_Call after offers"", ""W_Call after offers""], ["">>"", null], ["">>"", null], ["">>"", null], ["">>"", null]]",[],"[""A_Complete""]"
"('A_Create Application', 'A_Concept', 'W_Complete application', 'W_Complete application', 'W_Complete application', 'W_Complete application', 'A_Accepted', 'O_Create Offer', 'O_Created', 'A_Complete', 'O_Sent (mail and online)', 'W_Complete application', 'W_Call after offers', 'W_Call after offers', 'W_Call after offers', 'W_Call after offers', 'W_Call after offers', 'W_Call after offers', 'W_Validate application', 'W_Validate application', 'A_Validating', 'O_Returned', 'W_Validate application', 'W_Validate application', 'W_Validate application', 'W_Validate application', 'A_Denied', 'O_Refused', 'W_Validate application')",5,1,"[[""A_Create Application"", ""A_Create Application""], ["">>"", null], ["">>"", null], ["">>"", null], ["">>"", null], ["">>"", null], ["">>"", null], [""A_Concept"", ""A_Concept""], [""W_Complete application"", ""W_Complete application""], ["">>"", null], ["">>"", null], [""W_Complete application"", ""W_Complete application""], ["">>"", null], ["">>"", null], [""W_Complete application"", ""W_Complete application""], ["">>"", null], ["">>"", null], [""W_Complete application"", ""W_Complete application""], ["">>"", null], ["">>"", null], [""A_Accepted"", ""A_Accepted""], ["">>"", null], ["">>"", null], ["">>"", null], ["">>"", null], ["">>"", null], ["">>"", null], [""O_Create Offer"", ""O_Create Offer""], [""O_Created"", ""O_Created""], ["">>"", null], ["">>"", null], ["">>"", null], [""A_Complete"", "">>""], [""O_Sent (mail and online)"", ""O_Sent (mail and online)""], ["">>"", null], ["">>"", null], ["">>"", null], ["">>"", null], ["">>"", null], [""W_Complete application"", ""W_Complete application""], ["">>"", null], ["">>"", null], ["">>"", null], [""W_Call after offers"", ""W_Call after offers""], ["">>"", null], [""W_Call after offers"", ""W_Call after offers""], ["">>"", null], ["">>"", null], [""W_Call after offers"", ""W_Call after offers""], ["">>"", null], [""W_Call after offers"", ""W_Call after offers""], ["">>"", null], [""W_Call after offers"", ""W_Call after offers""], ["">>"", null], ["">>"", null], [""W_Call after offers"", ""W_Call after offers""], [""W_Validate application"", ""W_Validate application""], ["">>"", null], ["">>"", null], ["">>"", null], [""W_Validate application"", ""W_Validate application""], [""A_Validating"", ""A_Validating""], ["">>"", null], ["">>"", null], ["">>"", null], ["">>"", null], ["">>"", null], ["">>"", null], [""O_Returned"", ""O_Returned""], ["">>"", null], ["">>"", null], ["">>"", null], ["">>"", null], ["">>"", null], ["">>"", null], [""W_Validate application"", ""W_Validate application""], ["">>"", null], ["">>"", null], [""W_Validate application"", ""W_Validate application""], ["">>"", null], ["">>"", null], [""W_Validate application"", ""W_Validate application""], ["">>"", null], ["">>"", null], [""W_Validate application"", ""W_Validate application""], ["">>"", null], ["">>"", null], ["">>"", null], ["">>"", null], ["">>"", null], ["">>"", null], [""A_Denied"", ""A_Denied""], ["">>"", null], [""O_Refused"", ""O_Refused""], ["">>"", null], ["">>"", null], ["">>"", null], ["">>"", null], ["">>"", null], [""W_Validate application"", ""W_Validate application""], ["">>"", null], ["">>"", null], ["">>"", null], ["">>"", null], ["">>"", null], ["">>"", null], ["">>"", null], ["">>"", null], ["">>"", null]]",[],"[""A_Complete""]"
"('A_Create Application', 'A_Concept', 'W_Complete application', 'W_Complete application', 'W_Complete application', 'A_Accepted', 'O_Create Offer', 'O_Created', 'A_Complete', 'O_Sent (mail and online)', 'W_Complete application', 'W_Call after offers', 'W_Call after offers', 'W_Call after offers', 'W_Call after offers', 'W_Call after offers', 'W_Call after offers', 'W_Validate application', 'W_Validate application', 'A_Validating', 'O_Returned', 'W_Validate application', 'A_Pending', 'O_Accepted', 'W_Validate application')",44,3,"[[""A_Create Application"", ""A_Create Application""], ["">>"", null], ["">>"", null], ["">>"", null], ["">>"", null], ["">>"", null], ["">>"", null], [""A_Concept"", ""A_Concept""], [""W_Complete application"", ""W_Complete application""], ["">>"", null], ["">>"", null], [""W_Complete application"", ""W_Complete application""], ["">>"", null], ["">>"", null], [""W_Complete application"", ""W_Complete application""], ["">>"", null], ["">>"", null], ["">>"", null], ["">>"", null], ["">>"", null], ["">>"", null], ["">>"", null], [""A_Accepted"", ""A_Accepted""], [""O_Create Offer"", ""O_Create Offer""], [""O_Created"", ""O_Created""], ["">>"", null], ["">>"", null], [""A_Complete"", "">>""], ["">>"", null], [""O_Sent (mail and online)"", ""O_Sent (mail and online)""], ["">>"", null], ["">>"", null], ["">>"", null], ["">>"", null], ["">>"", null], ["">>"", null], [""W_Complete application"", ""W_Complete application""], ["">>"", null], ["">>"", null], ["">>"", null], [""W_Call after offers"", ""W_Call after offers""], ["">>"", null], [""W_Call after offers"", ""W_Call after offers""], ["">>"", null], [""W_Call after offers"", ""W_Call after offers""], ["">>"", null], [""W_Call after offers"", ""W_Call after offers""], ["">>"", null], [""W_Call after offers"", ""W_Call after offers""], ["">>"", null], ["">>"", null], [""W_Call after offers"", ""W_Call after offers""], ["">>"", null], ["">>"", null], [""W_Validate application"", ""W_Validate application""], ["">>"", null], ["">>"", null], [""W_Validate application"", ""W_Validate application""], [""A_Validating"", ""A_Validating""], ["">>"", null], ["">>"", null], ["">>"", null], ["">>"", null], ["">>"", null], ["">>"", null], [""O_Returned"", ""O_Returned""], ["">>"", null], ["">>"", null], ["">>"", null], ["">>"", null], ["">>"", null], ["">>"", null], [""W_Validate application"", ""W_Validate application""], ["">>"", null], ["">>"", null], [""A_Pending"", "">>""], [""O_Accepted"", "">>""], [""W_Validate application"", ""W_Validate application""], ["">>"", null], ["">>"", null], ["">>"", null], ["">>"", null], ["">>"", null], ["">>"", null], ["">>"", null], ["">>"", null], ["">>"", null]]",[],"[""A_Complete"", ""A_Pending"", ""O_Accepted""]"
"('A_Create Application', 'A_Submitted', 'W_Handle leads', 'A_Concept', 'W_Handle leads', 'W_Complete application', 'W_Complete application', 'A_Accepted', 'O_Create Offer', 'O_Created', 'A_Complete', 'O_Sent (mail and online)', 'W_Complete application', 'W_Call after offers', 'W_Call after offers', 'W_Call after offers', 'W_Call after offers', 'W_Call after offers', 'W_Call after offers', 'W_Validate application', 'W_Validate application', 'A_Validating', 'O_Returned', 'W_Validate application', 'A_Pending', 'O_Accepted', 'W_Validate application')",227,3,"[[""A_Create Application"", ""A_Create Application""], [""A_Submitted"", ""A_Submitted""], ["">>"", null], ["">>"", null], [""W_Handle leads"", ""W_Handle leads""], ["">>"", null], [""A_Concept"", ""A_Concept""], [""W_Handle leads"", ""W_Handle leads""], ["">>"", null], ["">>"", null], ["">>"", null], [""W_Complete application"", ""W_Complete application""], ["">>"", null], ["">>"", null], [""W_Complete application"", ""W_Complete application""], ["">>"", null], ["">>"", null], ["">>"", null], ["">>"", null], ["">>"", null], ["">>"", null], ["">>"", null], ["">>"", null], [""A_Accepted"", ""A_Accepted""], [""O_Create Offer"", ""O_Create Offer""], [""O_Created"", ""O_Created""], ["">>"", null], ["">>"", null], ["">>"", null], [""A_Complete"", "">>""], [""O_Sent (mail and online)"", ""O_Sent (mail and online)""], ["">>"", null], ["">>"", null], ["">>"", null], ["">>"", null], ["">>"", null], ["">>"", null], [""W_Complete application"", ""W_Complete application""], ["">>"", null], ["">>"", null], ["">>"", null], ["">>"", null], [""W_Call after offers"", ""W_Call after offers""], ["">>"", null], [""W_Call after offers"", ""W_Call after offers""], ["">>"", null], [""W_Call after offers"", ""W_Call after offers""], ["">>"", null], [""W_Call after offers"", ""W_Call after offers""], ["">>"", null], [""W_Call after offers"", ""W_Call after offers""], ["">>"", null], [""W_Call after offers"", ""W_Call after offers""], ["">>"", null], ["">>"", null], [""W_Validate application"", ""W_Validate application""], ["">>"", null], ["">>"", null], [""W_Validate application"", ""W_Validate application""], [""A_Validating"", ""A_Validating""], ["">>"", null], ["">>"", null], ["">>"", null], ["">>"", null], ["">>"", null], ["">>"", null], [""O_Returned"", ""O_Returned""], ["">>"", null], ["">>"", null], ["">>"", null], ["">>"", null], ["">>"", null], ["">>"", null], [""W_Validate application"", ""W_Validate application""], ["">>"", null], ["">>"", null], [""A_Pending"", "">>""], [""O_Accepted"", "">>""], [""W_Validate application"", ""W_Validate application""], ["">>"", null], ["">>"", null], ["">>"", null], ["">>"", null], ["">>"", null], ["">>"", null], ["">>"", null], ["">>"", null], ["">>"", null]]",[],"[""A_Complete"", ""A_Pending"", ""O_Accepted""]"
"('A_Create Application', 'A_Submitted', 'W_Handle leads', 'A_Concept', 'W_Handle leads', 'W_Complete application', 'W_Complete application', 'A_Accepted', 'O_Create Offer', 'O_Created', 'A_Complete', 'O_Sent (mail and online)', 'W_Complete application', 'W_Call after offers', 'W_Call after offers', 'W_Call after offers', 'W_Call after offers', 'W_Call after offers', 'W_Call after offers', 'W_Validate application', 'W_Validate application', 'A_Validating', 'O_Returned', 'W_Validate application', 'A_Incomplete', 'W_Validate application', 'W_Call incomplete files', 'W_Call incomplete files', 'W_Call incomplete files', 'W_Call incomplete files', 'W_Call incomplete files', 'W_Call incomplete files', 'W_Validate application', 'W_Validate application', 'A_Validating', 'W_Validate application', 'A_Incomplete', 'W_Validate application', 'W_Call incomplete files', 'W_Call incomplete files', 'W_Call incomplete files', 'W_Call incomplete files', 'W_Call incomplete files', 'A_Pending', 'O_Accepted', 'W_Call incomplete files')",10,3,"[[""A_Create Application"", ""A_Create Application""], [""A_Submitted"", ""A_Submitted""], ["">>"", null], ["">>"", null], [""W_Handle leads"", ""W_Handle leads""], ["">>"", null], [""A_Concept"", ""A_Concept""], [""W_Handle leads"", ""W_Handle leads""], ["">>"", null], ["">>"", null], ["">>"", null], [""W_Complete application"", ""W_Complete application""], ["">>"", null], ["">>"", null], [""W_Complete application"", ""W_Complete application""], ["">>"", null], ["">>"", null], [""A_Accepted"", ""A_Accepted""], ["">>"", null], ["">>"", null], ["">>"", null], ["">>"", null], ["">>"", null], ["">>"", null], [""O_Create Offer"", ""O_Create Offer""], [""O_Created"", ""O_Created""], ["">>"", null], ["">>"", null], ["">>"", null], [""A_Complete"", "">>""], [""O_Sent (mail and online)"", ""O_Sent (mail and online)""], ["">>"", null], ["">>"", null], ["">>"", null], ["">>"", null], ["">>"", null], [""W_Complete application"", ""W_Complete application""], ["">>"", null], ["">>"", null], ["">>"", null], ["">>"", null], ["">>"", null], [""W_Call after offers"", ""W_Call after offers""], ["">>"", null], [""W_Call after offers"", ""W_Call after offers""], ["">>"", null], [""W_Call after offers"", ""W_Call after offers""], ["">>"", null], [""W_Call after offers"", ""W_Call after offers""], ["">>"", null], [""W_Call after offers"", ""W_Call after offers""], ["">>"", null], [""W_Call after offers"", ""W_Call after offers""], ["">>"", null], ["">>"", null], [""W_Validate application"", ""W_Validate application""], ["">>"", null], ["">>"", null], [""W_Validate application"", ""W_Validate application""], [""A_Validating"", ""A_Validating""], ["">>"", null], ["">>"", null], ["">>"", null], ["">>"", null], ["">>"", null], ["">>"", null], [""O_Returned"", ""O_Returned""], ["">>"", null], ["">>"", null], ["">>"", null], ["">>"", null], ["">>"", null], ["">>"", null], [""W_Validate application"", ""W_Validate application""], ["">>"", null], ["">>"", null], ["">>"", null], ["">>"", null], ["">>"", null], ["">>"", null], [""A_Incomplete"", ""A_Incomplete""], ["">>"", null], ["">>"", null], ["">>"", null], ["">>"", null], ["">>"", null], ["">>"", null], [""W_Validate application"", ""W_Validate application""], ["">>"", null], ["">>"", null], ["">>"", null], ["">>"", null], ["">>"", null], [""W_Call incomplete files"", ""W_Call incomplete files""], ["">>"", null], [""W_Call incomplete files"", ""W_Call incomplete files""], ["">>"", null], [""W_Call incomplete files"", ""W_Call incomplete files""], ["">>"", null], [""W_Call incomplete files"", ""W_Call incomplete files""], ["">>"", null], [""W_Call incomplete files"", ""W_Call incomplete files""], ["">>"", null], [""W_Call incomplete files"", ""W_Call incomplete files""], ["">>"", null], ["">>"", null], ["">>"", null], ["">>"", null], ["">>"", null], ["">>"", null], [""W_Validate application"", ""W_Validate application""], ["">>"", null], ["">>"", null], [""W_Validate application"", ""W_Validate application""], [""A_Validating"", ""A_Validating""], ["">>"", null], [""W_Validate application"", ""W_Validate application""], ["">>"", null], ["">>"", null], ["">>"", null], ["">>"", null], ["">>"", null], ["">>"", null], [""A_Incomplete"", ""A_Incomplete""], ["">>"", null], ["">>"", null], ["">>"", null], ["">>"", null], ["">>"", null], ["">>"", null], [""W_Validate application"", ""W_Validate application""], ["">>"", null], ["">>"", null], ["">>"", null], ["">>"", null], ["">>"", null], [""W_Call incomplete files"", ""W_Call incomplete files""], ["">>"", null], [""W_Call incomplete files"", ""W_Call incomplete files""], ["">>"", null], [""W_Call incomplete files"", ""W_Call incomplete files""], ["">>"", null], [""W_Call incomplete files"", ""W_Call incomplete files""], ["">>"", null], ["">>"", null], [""W_Call incomplete files"", ""W_Call incomplete files""], [""A_Pending"", "">>""], [""O_Accepted"", "">>""], ["">>"", null], [""W_Call incomplete files"", ""W_Call incomplete files""], ["">>"", null], ["">>"", null], ["">>"", null], ["">>"", null], ["">>"", null], ["">>"", null], ["">>"", null]]",[],"[""A_Complete"", ""A_Pending"", ""O_Accepted""]"
